date,market-price,mvrv
20090103000000,0.0,
20090107000000,0.0,
20090111000000,0.0,
20090115000000,0.0,
20090119000000,0.0,
20090123000000,0.0,
20090127000000,0.0,
20090131000000,0.0,
20090204000000,0.0,
20090208000000,0.0,
20090212000000,0.0,
20090216000000,0.0,
20090220000000,0.0,
20090224000000,0.0,
20090228000000,0.0,
20090304000000,0.0,
20090308000000,0.0,
20090312000000,0.0,
20090316000000,0.0,
20090320000000,0.0,
20090324000000,0.0,
20090328000000,0.0,
20090401000000,0.0,
20090405000000,0.0,
20090409000000,0.0,
20090413000000,0.0,
20090417000000,0.0,
20090421000000,0.0,
20090425000000,0.0,
20090429000000,0.0,
20090503000000,0.0,
20090507000000,0.0,
20090511000000,0.0,
20090515000000,0.0,
20090519000000,0.0,
20090523000000,0.0,
20090527000000,0.0,
20090531000000,0.0,
20090604000000,0.0,
20090608000000,0.0,
20090612000000,0.0,
20090616000000,0.0,
20090620000000,0.0,
20090624000000,0.0,
20090628000000,0.0,
20090702000000,0.0,
20090706000000,0.0,
20090710000000,0.0,
20090714000000,0.0,
20090718000000,0.0,
20090722000000,0.0,
20090726000000,0.0,
20090730000000,0.0,
20090803000000,0.0,
20090807000000,0.0,
20090811000000,0.0,
20090815000000,0.0,
20090819000000,0.0,
20090823000000,0.0,
20090827000000,0.0,
20090831000000,0.0,
20090904000000,0.0,
20090908000000,0.0,
20090912000000,0.0,
20090916000000,0.0,
20090920000000,0.0,
20090924000000,0.0,
20090928000000,0.0,
20091002000000,0.0,
20091006000000,0.0,
20091010000000,0.0,
20091014000000,0.0,
20091018000000,0.0,
20091022000000,0.0,
20091026000000,0.0,
20091030000000,0.0,
20091103000000,0.0,
20091107000000,0.0,
20091111000000,0.0,
20091115000000,0.0,
20091119000000,0.0,
20091123000000,0.0,
20091127000000,0.0,
20091201000000,0.0,
20091205000000,0.0,
20091209000000,0.0,
20091213000000,0.0,
20091217000000,0.0,
20091221000000,0.0,
20091225000000,0.0,
20091229000000,0.0,
20100102000000,0.0,
20100106000000,0.0,
20100110000000,0.0,
20100114000000,0.0,
20100118000000,0.0,
20100122000000,0.0,
20100126000000,0.0,
20100130000000,0.0,
20100203000000,0.0,
20100207000000,0.0,
20100211000000,0.0,
20100215000000,0.0,
20100219000000,0.0,
20100223000000,0.0,
20100227000000,0.0,
20100303000000,0.0,
20100307000000,0.0,
20100311000000,0.0,
20100315000000,0.0,
20100319000000,0.0,
20100323000000,0.0,
20100327000000,0.0,
20100331000000,0.0,
20100404000000,0.0,
20100408000000,0.0,
20100412000000,0.0,
20100416000000,0.0,
20100420000000,0.0,
20100424000000,0.0,
20100428000000,0.0,
20100502000000,0.0,
20100506000000,0.0,
20100510000000,0.0,
20100514000000,0.0,
20100518000000,0.0,
20100522000000,0.0,
20100526000000,0.0,
20100530000000,0.0,
20100603000000,0.0,
20100607000000,0.0,
20100611000000,0.0,
20100615000000,0.0,
20100619000000,0.0,
20100623000000,0.0,
20100627000000,0.0,
20100701000000,0.0,
20100705000000,0.0,
20100709000000,0.0,
20100713000000,0.0,
20100717000000,0.0,
20100721000000,0.0,
20100725000000,0.0,
20100729000000,0.0,
20100802000000,0.0,
20100806000000,0.0,
20100810000000,0.0,
20100814000000,0.0,
20100818000000,0.07,
20100822000000,0.07,
20100826000000,0.07,
20100830000000,0.07,
20100903000000,0.06,
20100907000000,0.06,
20100911000000,0.06,
20100915000000,0.09,
20100919000000,0.06,
20100923000000,0.06,
20100927000000,0.06,
20101001000000,0.06,
20101005000000,0.06,
20101009000000,0.1,
20101009204119,,6.352666686780362
20101012214059,,6.542690027293884
20101013000000,0.1,
20101015144731,,5.538029441420124
20101017000000,0.11,
20101017123125,,5.179791535455982
20101019135132,,4.597455486186703
20101021000000,0.1,
20101021151234,,4.494614062911817
20101024141249,,5.376689289661421
20101025000000,0.18,
20101026194416,,6.170772552839418
20101029000000,0.19,
20101029024900,,6.45100266647534
20101031071508,,6.029712434365873
20101102000000,0.2,
20101103012803,,5.992298579509559
20101105130908,,6.34533159527269
20101106000000,0.25,
20101107175409,,7.695077423534181
20101109170311,,5.564114300143121
20101110000000,0.32,
20101112021941,,3.896383600265927
20101114000000,0.3,
20101114115705,,4.373246880798801
20101116213738,,3.913022376673229
20101118000000,0.28,
20101118202337,,3.841213732833334
20101122000000,0.29,
20101122085036,,3.857057272401248
20101125141150,,3.695404807510524
20101126000000,0.28,
20101128040247,,3.7601974147348542
20101130000000,0.28,
20101130162140,,3.6045478208716624
20101203084902,,3.039165019056567
20101204000000,0.26,
20101205150752,,3.126132789286282
20101207175905,,2.8637518858604722
20101208000000,0.23,
20101209201514,,3.0777166121333868
20101212000000,0.23,
20101212205758,,2.808691194998351
20101215222102,,2.761962420971706
20101216000000,0.25,
20101218204127,,2.966736434029755
20101220000000,0.26,
20101221152716,,3.1400866193985304
20101224000000,0.25,
20101224225030,,2.8254159765939053
20101228000000,0.27,
20101228002427,,3.021647804125706
20101231010257,,3.2813497264386675
20110101000000,0.3,
20110102214109,,3.233700097647448
20110105000000,0.3,
20110106034520,,3.1771855412827428
20110109000000,0.32,
20110109073126,,3.3343475045130306
20110112070200,,3.311269513729314
20110113000000,0.36,
20110115015153,,4.061811773762718
20110117000000,0.4,
20110117225923,,3.723977350749594
20110120230632,,3.146322031653897
20110121000000,0.38,
20110123221452,,3.768532758739442
20110125000000,0.44,
20110126172236,,3.6360870081297896
20110129000000,0.45,
20110129200612,,3.388103160216458
20110201202952,,4.395849506109511
20110202000000,0.92,
20110204195600,,5.0505367323131525
20110206000000,0.92,
20110207125753,,5.582500307943718
20110210000000,0.97,
20110210052555,,5.172651849564443
20110212185603,,5.364597699545219
20110214000000,1.08,
20110215072543,,5.343289982705791
20110217094448,,5.0461726710681685
20110218000000,1.05,
20110219224009,,4.816882682610002
20110222000000,0.88,
20110222104339,,4.05016303527269
20110224154008,,4.2116745213060645
20110226000000,1.0,
20110226174258,,4.3360166619221
20110301035855,,3.985570532296397
20110302000000,0.97,
20110304040942,,3.398635596448895
20110306000000,0.92,
20110306015427,,3.279692217894083
20110308042634,,3.185751220614291
20110310000000,0.88,
20110311132101,,3.0651890187573483
20110314000000,0.91,
20110315183329,,3.0493707900814857
20110318000000,0.87,
20110319125056,,2.8148300048108776
20110322000000,0.79,
20110323054330,,2.5923673405993686
20110326000000,0.89,
20110326111523,,2.8659456426674175
20110329153503,,2.6806621930250163
20110330000000,0.8,
20110401120352,,2.5030538625241587
20110403000000,0.8,
20110404064510,,2.4871145156939787
20110407000000,0.75,
20110407081158,,2.241087569303278
20110410092816,,2.3828359223747637
20110411000000,0.76,
20110413063459,,2.618018148186512
20110415000000,0.98,
20110416082917,,3.070567231047328
20110419000000,1.2,
20110419123237,,3.289926878518664
20110422151158,,3.3880914584744954
20110423000000,1.38,
20110425125149,,4.743861140111794
20110427000000,1.78,
20110428031926,,4.573465210965292
20110430181938,,5.689001194507312
20110501000000,4.14,
20110503082942,,5.89993314113233
20110505000000,3.56,
20110505180412,,5.078287597056952
20110508014805,,4.875417750865884
20110509000000,3.91,
20110510073527,,5.031903156075663
20110513000000,6.55,
20110513022613,,6.56157348476834
20110515055738,,6.862443039663928
20110517000000,8.47,
20110517071015,,5.776737422172806
20110519050001,,5.143276790104392
20110521000000,6.98,
20110521151537,,4.169191167618228
20110523123704,,4.198554232192833
20110525000000,7.27,
20110525045254,,4.397887054701581
20110526185422,,4.614216028392093
20110529000000,8.68,
20110529155616,,4.5631565441582165
20110601174946,,4.736886891029805
20110602000000,9.67,
20110604044105,,5.758866048890634
20110606000000,19.05,
20110606091605,,7.395247378379792
20110609003744,,6.6036435920995205
20110610000000,32.34,
20110611061434,,6.874140153856196
20110613084611,,4.089151964077402
20110614000000,23.66,
20110615072435,,3.0583790868751084
20110617151100,,2.583525948226488
20110618000000,18.87,
20110620001909,,2.3615741326025232
20110622000000,15.39,
20110622004909,,2.403070160311799
20110624002100,,2.2405539442546116
20110626000000,17.58,
20110626205615,,2.5420133191056964
20110629204656,,2.424584862622523
20110630000000,17.35,
20110702142550,,2.3195446377152544
20110704000000,15.74,
20110705165355,,2.132108448044536
20110708000000,16.1,
20110708230602,,2.1740778348005656
20110712000000,15.07,
20110712080909,,2.0660139794743193
20110715092035,,1.8918499424772073
20110716000000,14.25,
20110718104017,,1.8652531520089972
20110720000000,14.54,
20110721154356,,1.9206252065223584
20110724000000,13.93,
20110724192806,,1.884999579535524
20110727162327,,1.936018710513412
20110728000000,14.1,
20110730190701,,1.856537921954664
20110801000000,14.58,
20110802200348,,1.8187141344472066
20110805000000,11.5,
20110806100541,,1.5459316318698137
20110809000000,9.66,
20110810024827,,1.3776112188437906
20110813000000,9.93,
20110813210750,,1.3816130891543805
20110817000000,11.36,
20110817152135,,1.5905708330950195
20110821000000,11.75,
20110821044634,,1.6194519172503175
20110824074811,,1.5745171507166629
20110825000000,11.3,
20110828023758,,1.4028473691248755
20110829000000,9.48,
20110831143059,,1.2943801044366674
20110902000000,8.46,
20110904025344,,1.2102290948733987
20110906000000,8.27,
20110907141223,,1.1225058461922786
20110910000000,6.76,
20110911062041,,0.9558577426209869
20110914000000,6.19,
20110914222847,,0.9360907448969463
20110918000000,5.02,
20110918135153,,0.770674430181566
20110922000000,6.18,
20110922040830,,1.0048826076186077
20110925202929,,0.8625226510813954
20110926000000,5.49,
20110929132155,,0.7768829996386322
20110930000000,4.94,
20111003091733,,0.8096615858303714
20111004000000,5.06,
20111007051346,,0.7762208969578017
20111008000000,4.79,
20111011084325,,0.6793763937276917
20111012000000,4.16,
20111015134210,,0.6653356563087691
20111016000000,4.01,
20111019154641,,0.4910489053417836
20111020000000,2.59,
20111024000000,3.32,
20111024034136,,0.5281417358974245
20111028000000,3.1,
20111028102518,,0.48485088272382904
20111101000000,3.38,
20111101121113,,0.5680042181575524
20111104234502,,0.5389981365574545
20111105000000,3.22,
20111108165509,,0.5046281208389495
20111109000000,3.19,
20111112075345,,0.5144800222246809
20111113000000,3.11,
20111115165723,,0.5091009845047354
20111117000000,2.6,
20111119065814,,0.46267855299458277
20111121000000,2.45,
20111123055933,,0.43462677904268043
20111125000000,2.48,
20111127043323,,0.479790004241236
20111129000000,2.64,
20111201012150,,0.5689551084113633
20111203000000,3.14,
20111204144613,,0.5954169144347482
20111207000000,3.06,
20111208035109,,0.5881132011956124
20111211000000,3.12,
20111211120205,,0.5939432405045888
20111215000000,3.26,
20111215005639,,0.6344753797633663
20111218210910,,0.6244557427694362
20111219000000,3.36,
20111222103927,,0.8193321061402197
20111223000000,3.98,
20111225221054,,0.7799600858785827
20111227000000,4.25,
20111229054017,,0.792130051345009
20111231000000,4.47,
20120101204236,,0.9520688448907115
20120104000000,5.37,
20120105071058,,1.0492465518066376
20120108000000,7.06,
20120108071659,,1.3403909807773735
20120111181549,,1.2972884889751002
20120112000000,7.1,
20120115091036,,1.2515886147726347
20120116000000,7.04,
20120118222310,,1.2760402031707478
20120120000000,6.37,
20120122061224,,1.1927297635299472
20120124000000,6.47,
20120125205833,,1.1812376868167966
20120128000000,5.7,
20120129105648,,1.0440205696239104
20120201000000,5.65,
20120201165134,,1.0323777396506553
20120204230154,,1.1191844830211155
20120205000000,5.99,
20120208120546,,1.055608773157731
20120209000000,5.84,
20120212002218,,1.09104185042349
20120213000000,5.82,
20120215143759,,1.0278789220751712
20120217000000,4.74,
20120218230051,,0.8803600650107775
20120221000000,4.5,
20120222093750,,0.8451406263939768
20120225000000,5.17,
20120225152234,,0.9674144743817201
20120229000000,4.98,
20120229000941,,0.9600722440293886
20120303123501,,0.9489072307869149
20120304000000,4.81,
20120307051829,,0.9636412433414425
20120308000000,5.05,
20120310094143,,0.9502691238919191
20120312000000,4.98,
20120313210503,,0.9698563667723255
20120316000000,5.44,
20120317123100,,1.034274430000716
20120320000000,5.23,
20120320212759,,1.0019572429754804
20120324000000,4.81,
20120324094507,,0.9291449396100517
20120327181924,,0.9110640346001823
20120328000000,4.77,
20120331055656,,0.9497807784891421
20120401000000,4.94,
20120404015321,,0.9925836907741236
20120405000000,4.96,
20120408014626,,0.9739242815484103
20120409000000,4.8,
20120411162015,,0.9578613857682281
20120413000000,4.97,
20120415163429,,0.9812624807402398
20120417000000,4.99,
20120419104858,,1.0029317131980136
20120421000000,5.24,
20120423005244,,1.0611646543876334
20120425000000,5.19,
20120426204838,,1.005920056471657
20120429000000,5.09,
20120430064254,,0.9889554269419439
20120503000000,5.18,
20120503105931,,1.00058771761379
20120506144732,,1.0073308755191945
20120507000000,5.1,
20120509160824,,1.0021285432536502
20120511000000,5.1,
20120513113034,,0.9841540799795595
20120515000000,5.05,
20120517100644,,1.0006739099386177
20120519000000,5.13,
20120520234639,,1.01383649472187
20120523000000,5.13,
20120525020511,,1.025714734565207
20120527000000,5.15,
20120528174935,,1.0232391044721658
20120531000000,5.18,
20120601131420,,1.0362634853930048
20120604000000,5.27,
20120604213107,,1.0515899094926207
20120608000000,5.56,
20120608110924,,1.0975037921303268
20120611170815,,1.1156572111709304
20120612000000,5.58,
20120615034956,,1.1805209501901013
20120616000000,6.27,
20120618120649,,1.2855491748260928
20120620000000,6.56,
20120622034912,,1.3117519454356465
20120624000000,6.64,
20120625114210,,1.284632391127201
20120628000000,6.58,
20120628233943,,1.278404448335804
20120702000000,6.71,
20120702124848,,1.2997988058241694
20120706000000,6.76,
20120706000738,,1.275951595724432
20120709065144,,1.3155334126038407
20120710000000,6.98,
20120712192910,,1.4155684271270927
20120714000000,7.85,
20120716081422,,1.5090514032670574
20120718000000,9.47,
20120719162046,,1.7906239086242786
20120722000000,9.53,
20120723054540,,1.7650820274050376
20120726000000,8.8,
20120726152454,,1.6441116289056115
20120729214651,,1.6506273069058583
20120730000000,8.95,
20120802143941,,1.7468532069443703
20120803000000,10.12,
20120806002439,,2.0165949996821544
20120807000000,11.23,
20120809082132,,1.9647030602002142
20120811000000,11.6,
20120812145709,,2.0186393600435673
20120815000000,12.3,
20120815212418,,2.109466974927027
20120819000000,14.48,
20120819113143,,2.430204595682338
20120822133246,,1.68024339202643
20120823000000,10.26,
20120825232324,,1.675116844065231
20120827000000,10.99,
20120829081923,,1.87772060692659
20120831000000,10.91,
20120901203355,,1.7057005244067882
20120904000000,10.52,
20120905040445,,1.6735030211692261
20120908000000,11.27,
20120908095951,,1.773073471223214
20120911230149,,1.724679935326405
20120912000000,11.24,
20120915171715,,1.7923604595658842
20120916000000,11.84,
20120919030629,,1.829117010163676
20120920000000,12.63,
20120922143227,,1.881452672029178
20120924000000,12.28,
20120926062720,,1.823503874474728
20120928000000,12.46,
20120929194347,,1.833389262997525
20121002000000,12.58,
20121003165533,,1.8632055569503831
20121006000000,12.97,
20121007193522,,1.8637435292229028
20121010000000,12.3,
20121011074645,,1.7634711682102389
20121014000000,12.1,
20121015013918,,1.7360062786755441
20121018000000,11.98,
20121018154611,,1.7127348649616163
20121022000000,11.8,
20121022065912,,1.6827417994845306
20121025212842,,1.6750450730857116
20121026000000,11.56,
20121029065615,,1.5236833168902084
20121030000000,10.93,
20121102031832,,1.5865941844917668
20121103000000,11.06,
20121105193727,,1.5187364467750877
20121107000000,10.97,
20121109124826,,1.5776186714038904
20121111000000,10.95,
20121113091554,,1.560217422062975
20121115000000,11.07,
20121117025217,,1.5964350966677743
20121119000000,11.82,
20121120223014,,1.6500986720154045
20121123000000,12.32,
20121124110822,,1.7180508314123129
20121127000000,12.62,
20121127231822,,1.7382049519067309
20121201000000,12.66,
20121201111536,,1.7303485037569089
20121205000000,13.09,
20121205113737,,1.7488481543619991
20121209000000,13.55,
20121209121309,,1.8226008760965016
20121213000000,13.8,
20121213103142,,1.8216658525320906
20121217000000,13.63,
20121217192739,,1.7988590966974687
20121221000000,13.7,
20121221220959,,1.790074115094657
20121225000000,13.45,
20121225202424,,1.76045578871611
20121229000000,13.65,
20121229043504,,1.7671881949038144
20130101100513,,1.7641316116788999
20130102000000,13.52,
20130104185207,,1.7457453349759344
20130106000000,13.54,
20130108041404,,1.7522634818929557
20130110000000,13.99,
20130112001728,,1.8317620359851399
20130114000000,14.31,
20130115205954,,1.82815423456872
20130118000000,15.53,
20130119200859,,1.9991579131184423
20130122000000,17.13,
20130123162633,,2.1412005618035894
20130126000000,18.54,
20130127052815,,2.201689902478471
20130130000000,19.78,
20130130162445,,2.2692289929159686
20130202183123,,2.363258897387223
20130203000000,21.0,
20130205194142,,2.2994995801829927
20130207000000,21.53,
20130209062941,,2.4158221429134605
20130211000000,23.97,
20130212154252,,2.563222755185283
20130215000000,27.2,
20130215171903,,2.751653803833923
20130218120003,,2.6711298908263066
20130219000000,26.98,
20130221105129,,2.8451513774339365
20130223000000,30.52,
20130224122417,,2.805018787021254
20130227000000,31.2,
20130227081931,,2.763695839645371
20130302093152,,2.9272121396460733
20130303000000,34.25,
20130305145314,,2.990627036351048
20130307000000,42.0,
20130308202203,,3.3233246699277927
20130311000000,45.6,
20130311161211,,3.3968768596394083
20130314224004,,3.340105098599989
20130315000000,46.86,
20130317170210,,3.2641121286192303
20130319000000,52.12,
20130320100008,,3.7353023444312696
20130322164650,,4.238831155973726
20130323000000,70.25,
20130325040841,,3.768572223271367
20130327000000,78.79,
20130328133651,,4.455296593313934
20130331000000,92.5,
20130331104101,,4.285773804853967
20130403035032,,4.560804951282221
20130404000000,131.0,
20130406070902,,4.702139913862268
20130408000000,163.3,
20130409072341,,5.3245672691647306
20130412000000,124.9,
20130412040941,,3.43674137105907
20130415051659,,2.416501202509129
20130416000000,68.1,
20130418042719,,1.844998726974877
20130420000000,118.92,
20130421111823,,3.048007283909496
20130424000000,142.5,
20130424131507,,3.2294830832427173
20130427124529,,3.0440835863871696
20130428000000,128.5,
20130430132545,,3.0155046066888924
20130502000000,117.0,
20130504012330,,2.190871261345157
20130506000000,115.98,
20130507033558,,2.4576475764553676
20130510000000,112.69,
20130510024143,,2.4049489567954687
20130512234139,,2.4464626154256646
20130514000000,117.99,
20130516044635,,2.36327950907154
20130518000000,123.32,
20130519110104,,2.5636383109029115
20130522000000,122.7,
20130522181138,,2.532402472490244
20130525184655,,2.707490723862249
20130526000000,131.99,
20130528194443,,2.6169738441059387
20130530000000,132.3,
20130531153125,,2.574010477842963
20130603000000,122.42,
20130603040912,,2.5167690905666182
20130605143043,,2.385716729770791
20130607000000,118.97,
20130608130651,,2.2225441315713415
20130611000000,106.1,
20130611120506,,2.0241293388284403
20130614024954,,2.0942781232577055
20130615000000,99.98,
20130616210309,,1.9421227731809363
20130619000000,107.39,
20130620070720,,2.093691795418434
20130623000000,108.35,
20130623064223,,2.123000300376332
20130626074402,,2.00299336415776
20130627000000,104.0,
20130629082247,,1.9186450784215991
20130701000000,97.25,
20130702111903,,1.7787308056430828
20130705000000,80.04,
20130705084808,,1.5372241320851128
20130708010852,,1.391137842865831
20130709000000,76.49,
20130710171026,,1.5124957048524992
20130713000000,93.99,
20130713164101,,1.8135630850097517
20130716154244,,1.8990025298392537
20130717000000,97.05,
20130719144737,,1.7970950668037924
20130721000000,89.39,
20130722063452,,1.7542155048314934
20130725000000,94.51,
20130725161419,,1.8479198592081647
20130728141426,,1.8381835715761923
20130729000000,98.7,
20130731091219,,2.0225725982420304
20130802000000,104.62,
20130803004706,,2.0116030161483462
20130805194626,,2.005947040781265
20130806000000,106.72,
20130808113510,,2.010507736213779
20130810000000,102.8,
20130810223027,,1.9423402709402757
20130813073844,,1.9895357191322816
20130814000000,109.35,
20130816084201,,1.8453662246431313
20130818000000,99.71,
20130818235704,,1.8617033101242006
20130821170026,,1.9546864863362874
20130822000000,110.43,
20130824042302,,2.0260058328179906
20130826000000,113.28,
20130827055924,,2.0856019115985434
20130830000000,118.5,
20130830003750,,2.1652514465207204
20130901073358,,2.3101091070811997
20130903000000,130.09,
20130903180444,,2.3429497994696633
20130906140647,,2.190698216164998
20130907000000,117.61,
20130909143129,,2.1090471077190753
20130911000000,122.02,
20130912030048,,2.1857960154538714
20130914135840,,2.233657600839794
20130915000000,124.05,
20130917091128,,2.1976089215242753
20130919000000,127.12,
20130920055509,,2.1761424623309336
20130922193209,,2.1252096879929034
20130923000000,122.93,
20130925054343,,2.111433597440164
20130927000000,124.65,
20130928030648,,2.1354487785758023
20131001000000,126.25,
20131001010040,,2.1623825211498517
20131003191700,,1.7638035771536509
20131005000000,121.94,
20131006090829,,2.061217829190735
20131009000000,124.12,
20131009101705,,2.0813275376456217
20131012050726,,2.121433583213409
20131013000000,127.59,
20131014120428,,2.2024249774314635
20131016145058,,2.3263244758879718
20131017000000,138.19,
20131019101628,,2.5928231135217743
20131021000000,186.12,
20131021210755,,2.9484762782645113
20131024033309,,2.925071622364233
20131025000000,195.33,
20131026095347,,2.7471004693459786
20131029000000,206.9,
20131029091321,,2.8556709150173383
20131101015311,,2.8732453629022365
20131102000000,203.0,
20131103124134,,2.8231002696081346
20131106000000,252.59,
20131106091307,,3.1717467162205404
20131109195021,,3.971189648031155
20131110000000,330.0,
20131112141903,,3.9411438338422746
20131114000000,393.0,
20131115145320,,4.339658348508104
20131118000000,475.0,
20131118104654,,4.5621805353980465
20131121171532,,4.8852235062721965
20131122000000,716.77,
20131124181944,,5.696230016979092
20131126000000,814.56,
20131127215703,,5.168313315761815
20131130000000,1133.95,
20131130200212,,5.443513723529921
20131203152106,,4.6828917487595945
20131204000000,1050.21,
20131206140338,,4.412762344712613
20131208000000,705.91,
20131209062733,,3.0212701810744793
20131212000000,876.88,
20131212043518,,3.8236414257134044
20131215022124,,3.469533925085838
20131216000000,862.98,
20131217210601,,2.688109748946201
20131220000000,685.3,
20131220085542,,2.387183615126645
20131223105759,,2.3644253606539216
20131224000000,659.99,
20131226124744,,2.554638052857157
20131228000000,723.98,
20131229153332,,2.7059576741999853
20140101000000,732.0,
20140101114437,,2.7643956136613665
20140104200004,,2.982774663020789
20140105000000,828.74,
20140107165728,,3.303431075625438
20140109000000,823.3,
20140110083022,,2.937361653745954
20140112223525,,3.147848065424296
20140113000000,844.04,
20140115224731,,2.8322072871455894
20140117000000,817.15,
20140118231756,,2.723189872560621
20140121000000,827.81,
20140121223937,,2.8273951839336675
20140124190751,,2.7505688000249875
20140125000000,780.02,
20140128045335,,2.695215978834886
20140129000000,785.6,
20140131093327,,2.6701607833212164
20140202000000,817.08,
20140203023841,,2.7184366951500847
20140206000000,781.0,
20140206060320,,2.6088621784880077
20140209090849,,2.239250492647051
20140210000000,687.37,
20140212165540,,2.171577531375454
20140214000000,610.0,
20140215151806,,2.103901079996215
20140218000000,629.96,
20140218174536,,2.0176768529396534
20140221200424,,1.8390693184563753
20140222000000,579.5,
20140224223547,,1.9673103733734407
20140226000000,559.52,
20140228002830,,1.90301217414291
20140302000000,567.48,
20140303121508,,1.8343552652425619
20140306000000,670.7,
20140306234601,,2.1763451811543395
20140310000000,639.9,
20140310072504,,1.9531394208617334
20140313140123,,1.9400552957610548
20140314000000,641.01,
20140317001513,,1.9468957371751672
20140318000000,624.71,
20140320072054,,1.871464715143616
20140322000000,572.89,
20140323073801,,1.7253482248276872
20140326000000,585.79,
20140326092447,,1.777013423161715
20140329132513,,1.4897638866354967
20140330000000,490.0,
20140401190955,,1.3986667251238878
20140403000000,439.12,
20140404130420,,1.3663432470304795
20140407000000,458.0,
20140407221414,,1.4121544127827568
20140411000000,369.0,
20140411112738,,1.2495326547427346
20140414114808,,1.3035054102566208
20140415000000,459.64,
20140417150338,,1.6235630593951973
20140419000000,482.11,
20140421005825,,1.5549077939402898
20140423000000,488.52,
20140424082427,,1.510606663198351
20140427000000,461.48,
20140427182125,,1.4236766807037013
20140501000000,452.03,
20140501074448,,1.388471413602605
20140504190445,,1.3680862821775295
20140505000000,436.75,
20140508051517,,1.3341364127693234
20140509000000,437.61,
20140511101944,,1.4014721189192545
20140513000000,442.45,
20140514210027,,1.3633831932383809
20140517000000,449.12,
20140518001237,,1.3939121722736818
20140521000000,488.12,
20140521052603,,1.4231714646457454
20140524091456,,1.6249490650434975
20140525000000,527.91,
20140527222448,,1.7957647058625277
20140529000000,581.0,
20140531080038,,1.7680733101059625
20140602000000,630.71,
20140603062737,,1.9325405344254911
20140606000000,661.48,
20140606114227,,1.9473330296828564
20140610000000,648.81,
20140610003335,,1.955232987236472
20140613094733,,1.7688528231252574
20140614000000,591.55,
20140616091522,,1.6977281540131757
20140618000000,608.0,
20140619111652,,1.7711511696316498
20140622000000,590.96,
20140622091700,,1.7231004292940153
20140625081045,,1.6880999761402349
20140626000000,560.76,
20140628080503,,1.69296317153401
20140630000000,599.99,
20140701203351,,1.8167493044492247
20140704000000,645.35,
20140705084544,,1.8268523031572386
20140708000000,624.35,
20140708215928,,1.7863736413078506
20140712000000,634.0,
20140712075432,,1.775452608898046
20140715221221,,1.7693615057656418
20140716000000,624.07,
20140719034640,,1.779490982942144
20140720000000,630.0,
20140722124003,,1.769996143213113
20140724000000,620.43,
20140725235828,,1.7065769922698355
20140728000000,593.68,
20140729160553,,1.669773034319862
20140801000000,582.04,
20140802042846,,1.6495289688145522
20140805000000,588.5,
20140805192321,,1.6533876943847459
20140809000000,588.98,
20140809050602,,1.6379365098890706
20140812034052,,1.639689179932632
20140813000000,569.01,
20140815103520,,1.4784761635857977
20140817000000,523.88,
20140818140032,,1.413212567481271
20140821000000,518.82,
20140821153427,,1.4284296093326034
20140825000000,508.03,
20140825012107,,1.3909302202751772
20140828084520,,1.438983268247122
20140829000000,506.61,
20140831091903,,1.4240362841059813
20140902000000,476.36,
20140903191546,,1.3357773120302279
20140906000000,485.91,
20140907032130,,1.3651716693597462
20140910000000,473.35,
20140910194604,,1.3329925453627882
20140913230718,,1.3413507081989984
20140914000000,476.92,
20140917063140,,1.3242552330442119
20140918000000,453.9,
20140920064828,,1.1818945933694196
20140922000000,401.15,
20140923135823,,1.1411946892986515
20140926000000,410.19,
20140927001026,,1.1745353973806798
20140930000000,373.87,
20140930175052,,1.0733022609964094
20141004000000,358.9,
20141004092753,,1.0677856076409173
20141007143205,,0.952456097346829
20141008000000,334.06,
20141011052548,,1.0633804539260137
20141012000000,361.95,
20141014232657,,1.143632932128782
20141016000000,394.84,
20141018103007,,1.1268028952862392
20141020000000,389.44,
20141022030059,,1.123151254019929
20141024000000,357.2,
20141025121302,,1.0543586652265493
20141028000000,350.9,
20141029032822,,1.0384793311405311
20141101000000,337.79,
20141101054537,,1.018708212162926
20141104120021,,0.9673797642841341
20141105000000,330.23,
20141108003346,,1.0407617923431347
20141109000000,346.94,
20141111130853,,1.0901975877348604
20141113000000,420.19,
20141115030610,,1.2415143947923304
20141117000000,389.87,
20141118160240,,1.1563974816943543
20141121000000,356.47,
20141122073428,,1.0558461756505049
20141125000000,374.58,
20141126001758,,1.1158951563008817
20141129000000,376.98,
20141129141554,,1.1298003726367498
20141203000000,379.62,
20141203061824,,1.1414894071415271
20141207000000,375.05,
20141207010423,,1.1392139870803382
20141210152146,,1.08683056345307
20141211000000,348.79,
20141214092835,,1.0806756685396264
20141215000000,357.8,
20141218072242,,1.007502793185408
20141219000000,312.26,
20141222072320,,1.0141902618514729
20141223000000,331.98,
20141225143331,,1.0191910505056356
20141227000000,329.94,
20141228221208,,0.9840390338830529
20141231000000,311.0,
20150101075800,,0.988055332495894
20150104000000,285.09,
20150104142036,,0.9303288395822413
20150108000000,297.99,
20150108020522,,0.9092622031170505
20150111164304,,0.8904492178479473
20150112000000,269.68,
20150115101405,,0.6455789253448747
20150116000000,210.21,
20150119003941,,0.6462842334004655
20150120000000,216.01,
20150122204351,,0.7226073697567925
20150124000000,233.71,
20150127005235,,0.8330234884642961
20150128000000,263.52,
20150130123857,,0.7726999025910534
20150201000000,219.25,
20150202231736,,0.7459437017103939
20150205000000,226.71,
20150206113858,,0.730157480413896
20150209000000,223.93,
20150209223307,,0.7396435365271542
20150213000000,222.33,
20150213125140,,0.7324726741446639
20150217000000,234.5,
20150217000825,,0.7763131164041265
20150220065328,,0.7930303212030075
20150221000000,245.78,
20150223212422,,0.7903246857004178
20150225000000,239.94,
20150227114650,,0.7909855789663379
20150301000000,253.5,
20150303013427,,0.8591360833854388
20150305000000,270.06,
20150306163041,,0.9091007638645472
20150309000000,275.0,
20150310091205,,0.9342839057527133
20150313000000,294.9,
20150313221530,,0.9857996233861163
20150317000000,289.28,
20150317153243,,0.9642745860166239
20150321000000,262.1,
20150321085231,,0.8771873909343969
20150324190913,,0.8929204931231972
20150325000000,245.0,
20150328005049,,0.8385242271427503
20150329000000,252.96,
20150331134417,,0.8270138396262137
20150402000000,246.49,
20150404015235,,0.8566830165970097
20150406000000,260.52,
20150407174045,,0.8672028127303885
20150410000000,243.0,
20150411140130,,0.8116330083257782
20150414000000,223.01,
20150415062744,,0.7552876664644018
20150418000000,222.64,
20150419015608,,0.7623456217017839
20150422000000,235.85,
20150422145511,,0.7926151853114308
20150426000000,226.29,
20150426062056,,0.7881808047068221
20150429224218,,0.7746352951964575
20150430000000,225.62,
20150503145952,,0.7998449357870505
20150504000000,239.47,
20150507044405,,0.8076611996199923
20150508000000,237.16,
20150511003128,,0.8342332761831551
20150512000000,240.95,
20150514101437,,0.8246692735663238
20150516000000,237.37,
20150517211909,,0.8168305683457566
20150520000000,231.4,
20150521123145,,0.8051429226653697
20150524000000,237.76,
20150525065701,,0.8245511253765281
20150528000000,235.31,
20150529011131,,0.8156449904183005
20150601000000,228.34,
20150601154704,,0.7996212860928803
20150605000000,222.88,
20150605055851,,0.7840451459297109
20150608154002,,0.7797554479795665
20150609000000,227.66,
20150612005448,,0.7973637164229492
20150613000000,229.6,
20150615144820,,0.812062125312063
20150617000000,249.98,
20150619064625,,0.8672456030051705
20150621000000,244.75,
20150623000650,,0.8527967799976653
20150625000000,240.2,
20150626110633,,0.8451473706845277
20150629000000,248.57,
20150630055513,,0.877707918454908
20150703000000,254.68,
20150703164025,,0.8945568617360335
20150707000000,268.53,
20150707000350,,0.9518367413866349
20150710134232,,0.9456371636970182
20150711000000,284.92,
20150714033054,,1.0778310534456035
20150715000000,287.92,
20150717163400,,0.9819049135658465
20150719000000,276.74,
20150721004856,,0.9651710337833103
20150723000000,277.97,
20150724144520,,0.9708303362738155
20150727000000,292.82,
20150728042539,,1.026345908686611
20150731000000,288.45,
20150731202521,,1.0109938658977562
20150804000000,281.12,
20150804050737,,0.9875322498556479
20150807230040,,0.9719190538007573
20150808000000,279.32,
20150811061839,,0.9331522132570056
20150812000000,270.98,
20150814210442,,0.9343173197019482
20150816000000,261.43,
20150818140418,,0.906221577338199
20150820000000,226.25,
20150821223133,,0.8362106848214033
20150824000000,228.14,
20150825101524,,0.788501369578871
20150828000000,225.11,
20150828235938,,0.8096339884079277
20150901000000,230.25,
20150901110014,,0.8250192671125908
20150904191226,,0.8203525084559354
20150905000000,230.73,
20150908075642,,0.8665978778926069
20150909000000,244.21,
20150911155946,,0.8615945706821929
20150913000000,234.73,
20150915051337,,0.8307204492285865
20150917000000,228.33,
20150918165814,,0.8358585706828208
20150921000000,230.16,
20150922140228,,0.8240805139188726
20150925000000,234.0,
20150925233511,,0.8514132087286818
20150929000000,239.14,
20150929120733,,0.8677106209621274
20151002235717,,0.8634812946109462
20151003000000,237.77,
20151006112419,,0.8717996907180036
20151007000000,246.8,
20151010081450,,0.8878844829430789
20151011000000,245.72,
20151013205158,,0.9009591299722909
20151015000000,252.47,
20151017054716,,0.9538813774385447
20151019000000,261.04,
20151020205941,,0.9701364097536438
20151023000000,274.35,
20151024103552,,1.0148306322729914
20151027000000,286.69,
20151027192131,,1.0610406253271598
20151031000000,328.17,
20151031050808,,1.1803618340839122
20151103135201,,1.3180805360180214
20151104000000,404.5,
20151107022437,,1.3067430801336688
20151108000000,387.02,
20151110132109,,1.3151285437123397
20151112000000,308.98,
20151113182900,,1.1659629154262054
20151116000000,318.97,
20151117013653,,1.1302946008359938
20151120000000,325.9,
20151120144402,,1.1232788347662468
20151123142513,,1.1254640711531807
20151124000000,323.48,
20151126193325,,1.1933283646732051
20151128000000,358.0,
20151130064733,,1.2796482928685946
20151202000000,362.58,
20151203095313,,1.2492125940901517
20151206000000,386.95,
20151206171122,,1.3570776870797803
20151209204619,,1.4420193219132014
20151210000000,416.49,
20151212154536,,1.5056721421367025
20151214000000,433.39,
20151215142320,,1.537069673867432
20151218000000,456.58,
20151218160533,,1.5438125084732737
20151221221849,,1.4620323695870912
20151222000000,438.35,
20151225091526,,1.5272155607890874
20151226000000,455.5,
20151228041146,,1.4113544355903953
20151230000000,433.23,
20151231112813,,1.4079153604710717
20160103000000,432.76,
20160104005601,,1.428623643908356
20160107000000,429.26,
20160107050628,,1.4310448992634275
20160110095719,,1.4779199962069969
20160111000000,448.43,
20160113092403,,1.4445600351663577
20160115000000,429.55,
20160117024500,,1.229027588527919
20160119000000,385.49,
20160120060525,,1.2564524759646574
20160123000000,381.5,
20160123125644,,1.2733807374560442
20160126112401,,1.3017608508949936
20160127000000,391.66,
20160129160824,,1.2424851462741204
20160131000000,376.6,
20160201122623,,1.234929298429928
20160204000000,368.46,
20160204103724,,1.234222747012597
20160207043519,,1.244358169652509
20160208000000,375.0,
20160210032643,,1.247238265702495
20160212000000,378.02,
20160213005046,,1.2675998935184132
20160216000000,399.21,
20160216062856,,1.3316638443689446
20160219121128,,1.3857691070388563
20160220000000,419.98,
20160223044624,,1.4424928100382357
20160224000000,419.25,
20160226180448,,1.3915774914930252
20160228000000,431.59,
20160301110616,,1.4276029877641596
20160303000000,422.5,
20160304195751,,1.3726825893385965
20160307000000,405.69,
20160308053302,,1.3358646057182542
20160311000000,416.0,
20160311063604,,1.3575337467325572
20160314171711,,1.3475313844683028
20160315000000,414.99,
20160318000358,,1.3591382875382108
20160319000000,407.96,
20160321134132,,1.3319180616366963
20160323000000,416.39,
20160324224151,,1.3492641820939144
20160327000000,416.96,
20160328071536,,1.3701973639348506
20160331000000,413.74,
20160331123951,,1.3362402027890312
20160404000000,418.51,
20160404010015,,1.3537874885759027
20160407063424,,1.3596825825411258
20160408000000,419.95,
20160410095457,,1.3433583737122359
20160412000000,422.63,
20160413143525,,1.3636352967429806
20160416000000,429.45,
20160416225032,,1.3808740574532008
20160420000000,435.95,
20160420074122,,1.3840703825061063
20160423142723,,1.4311782817653875
20160424000000,451.92,
20160427055847,,1.4826673643536599
20160428000000,445.29,
20160430171040,,1.4395805176450107
20160502000000,453.0,
20160503232447,,1.4111312302382066
20160506000000,449.37,
20160507024526,,1.4352845701806736
20160510000000,460.66,
20160510025616,,1.4530339813191597
20160513130916,,1.4266730733223336
20160514000000,455.82,
20160517002716,,1.4339624987004345
20160518000000,453.08,
20160520131608,,1.380774406330896
20160522000000,443.21,
20160523114003,,1.371758048467676
20160526000000,448.7,
20160527010113,,1.4068886208003388
20160530000000,511.3,
20160530150414,,1.6660362281914374
20160603000000,538.0,
20160603052030,,1.6460095115265723
20160606123108,,1.76781854279647
20160607000000,583.72,
20160609185015,,1.746451253317578
20160611000000,577.95,
20160613033049,,1.9626338901406828
20160615000000,685.19,
20160616111019,,2.064590652106432
20160619000000,751.96,
20160619134438,,2.140606405790261
20160622222921,,1.8491181662142944
20160623000000,592.81,
20160626092838,,1.8634322743660416
20160627000000,630.19,
20160629193609,,1.796067436168869
20160701000000,667.95,
20160703014551,,1.9344959625687095
20160705000000,681.98,
20160706122312,,1.8665650565272205
20160709000000,663.0,
20160709230600,,1.80643911106178
20160713000000,664.5,
20160713073114,,1.8368725056208448
20160716203430,,1.8313968955069695
20160717000000,661.32,
20160720062340,,1.8467692039348373
20160721000000,667.5,
20160723235621,,1.7925258850364565
20160725000000,661.48,
20160727204108,,1.7873373601201923
20160729000000,655.54,
20160731112409,,1.7620760774982405
20160802000000,605.56,
20160803163508,,1.4890833102623255
20160806000000,572.72,
20160806161331,,1.5599392140671364
20160810000000,584.98,
20160810024846,,1.60517766909507
20160813083504,,1.6063301517824076
20160814000000,583.34,
20160816141425,,1.5550292648056947
20160818000000,570.92,
20160820021645,,1.5700012439845414
20160822000000,577.24,
20160823053428,,1.5964038826188938
20160826000000,575.75,
20160826192212,,1.575140775943381
20160830000000,571.5,
20160830031722,,1.5659095495890512
20160902132836,,1.5538520976503996
20160903000000,572.0,
20160905214721,,1.6492437489183316
20160907000000,608.16,
20160909082801,,1.6941921322303155
20160911000000,621.65,
20160912110433,,1.647805382826075
20160915000000,608.99,
20160915155850,,1.6413411801855031
20160918211048,,1.6361811809320528
20160919000000,607.31,
20160922032316,,1.6011712537973402
20160923000000,594.08,
20160925094515,,1.6173665574260823
20160927000000,606.79,
20160928111920,,1.6232254770055357
20161001000000,608.38,
20161001185757,,1.646906115550708
20161005000000,607.18,
20161005024703,,1.6307113618688895
20161008053443,,1.6465518504254568
20161009000000,614.46,
20161011124145,,1.659076907897643
20161013000000,635.16,
20161015050914,,1.6967623615440177
20161017000000,638.97,
20161018191739,,1.6887854266114501
20161021000000,628.89,
20161022044545,,1.667609283977305
20161025000000,643.93,
20161025142842,,1.7182177300953256
20161028234407,,1.7964344277725586
20161029000000,685.91,
20161101052815,,1.8334661975497504
20161102000000,726.6,
20161104193313,,1.8105700852934639
20161106000000,703.48,
20161108035928,,1.8207089782247714
20161110000000,721.5,
20161111052801,,1.840620164423353
20161114000000,700.38,
20161114085222,,1.7965985339654809
20161117063651,,1.9016538829005643
20161118000000,736.84,
20161120180221,,1.9034884717327194
20161122000000,736.97,
20161124070949,,1.8751267039245463
20161126000000,737.07,
20161127121252,,1.8341287380738056
20161130000000,730.02,
20161130185148,,1.8504759372863948
20161203234901,,1.8982373366027983
20161204000000,762.97,
20161207051421,,1.8731592466846174
20161208000000,766.48,
20161210142659,,1.9009542219429254
20161212000000,768.19,
20161213114333,,1.9124217686883354
20161216000000,775.88,
20161217031109,,1.9040484023067663
20161220000000,791.03,
20161220134401,,1.921045622626325
20161223191726,,2.1397238798351164
20161224000000,913.93,
20161227020739,,2.147718129025113
20161228000000,930.34,
20161230074739,,2.2532187359651767
20170101000000,964.84,
20170102133455,,2.3269366145563612
20170105000000,1109.16,
20170105154830,,2.53383041412273
20170108215741,,2.057225371343794
20170109000000,910.49,
20170112034237,,1.812085476380811
20170113000000,805.52,
20170115042225,,1.8434854114358115
20170117000000,830.56,
20170118052041,,1.999702908745266
20170121000000,895.64,
20170121021311,,1.9912422030240364
20170124032423,,2.0398678104191728
20170125000000,883.59,
20170127074909,,2.0188737242768
20170129000000,918.62,
20170130105944,,2.0150868046621135
20170202000000,983.42,
20170202100958,,2.146454152892139
20170205174538,,2.2325659344506197
20170206000000,1011.08,
20170209035033,,2.2584031760757393
20170210000000,985.34,
20170212133230,,2.141902461109644
20170214000000,1001.2,
20170215173428,,2.1374451467092763
20170218000000,1054.55,
20170219003918,,2.233597639798258
20170222000000,1125.0,
20170222131319,,2.326470420856797
20170225194740,,2.4061905517373923
20170226000000,1150.37,
20170228204635,,2.434162770508336
20170302000000,1224.98,
20170304030437,,2.5764555581351636
20170306000000,1271.04,
20170307143123,,2.513430587712326
20170310000000,1192.09,
20170310223736,,2.3924916067664452
20170314000000,1240.72,
20170314050628,,2.4231888366751977
20170317120111,,2.247482844983944
20170318000000,1068.3,
20170320172812,,2.0102454518730943
20170322000000,1113.0,
20170324015035,,1.995234766406903
20170326000000,961.81,
20170327060930,,1.8706915140268685
20170330000000,1039.77,
20170330133544,,1.9909102653157738
20170403000000,1079.99,
20170403004116,,2.0773607477642835
20170406072447,,2.1375740792719746
20170407000000,1193.73,
20170409151111,,2.216322989192583
20170411000000,1209.99,
20170412203133,,2.2711837942695627
20170415000000,1170.36,
20170416093339,,2.2000339996612315
20170419000000,1201.2,
20170419215416,,2.2165997506232333
20170423000000,1233.24,
20170423043941,,2.2587039975794903
20170426161131,,2.3232669714751215
20170427000000,1288.02,
20170429220926,,2.395743230642042
20170501000000,1354.8,
20170503041242,,2.5576062527483447
20170505000000,1537.23,
20170506105429,,2.6550624507317937
20170509000000,1651.1,
20170509104644,,2.7986071060853086
20170512180922,,2.9362839518624195
20170513000000,1692.88,
20170515200623,,2.8068522050574773
20170517000000,1708.99,
20170519061801,,2.940291726466993
20170521000000,2008.84,
20170522102346,,3.1592433655248664
20170525000000,2421.49,
20170525124334,,3.6848204906980038
20170528143532,,3.0364671551479487
20170529000000,2177.38,
20170531142411,,3.045551246059473
20170602000000,2409.93,
20170603132350,,3.31286887013205
20170606000000,2699.12,
20170606131108,,3.6080387746697746
20170609165935,,3.542308416146709
20170610000000,2825.14,
20170613023746,,3.38861219381559
20170614000000,2706.0,
20170616111437,,2.7983464310803257
20170618000000,2629.76,
20170619205714,,2.977463221843058
20170622000000,2658.69,
20170623083610,,3.0836251980117333
20170626000000,2502.03,
20170626210307,,2.7880646331563717
20170630000000,2541.69,
20170630124517,,2.834407807507259
20170703090137,,2.7510628462058238
20170704000000,2549.93,
20170706111910,,2.8334628750384483
20170708000000,2502.86,
20170709210916,,2.745549422332655
20170712000000,2310.93,
20170712142328,,2.496034515652863
20170716000000,1972.29,
20170716001200,,2.2460559679448706
20170719034748,,2.470738673351863
20170720000000,2265.21,
20170722080302,,2.855107757319992
20170724000000,2748.36,
20170725045738,,2.872527213895197
20170728000000,2656.53,
20170728121618,,2.709632497105151
20170731202514,,2.6105366030823385
20170801000000,2862.9,
20170804043630,,2.5025389764017945
20170805000000,2856.52,
20170807042717,,2.766708828716273
20170809000000,3408.75,
20170810123907,,2.709611118898261
20170813000000,3868.52,
20170814013949,,3.1591725849722514
20170817000000,4375.8,
20170817132927,,3.241831571182266
20170820202911,,2.938790678200467
20170821000000,4054.6,
20170825000000,4331.77,
20170825013407,,2.904717712367356
20170829000000,4376.66,
20170829013415,,2.921927534653292
20170901025506,,3.0891295577049767
20170902000000,4908.41,
20170904034953,,2.9126704666203116
20170906000000,4385.02,
20170906213556,,2.869386524225735
20170909192421,,2.665907010940522
20170910000000,4330.87,
20170912185645,,2.618570687371459
20170914000000,3865.22,
20170915110607,,2.018768007514417
20170918000000,3678.53,
20170918120426,,2.3234355720480786
20170921211032,,2.3197958034382755
20170922000000,3600.92,
20170925050454,,2.239988789684995
20170926000000,3931.98,
20170928144906,,2.508567312981462
20170930000000,4164.27,
20171001215044,,2.538865387490269
20171004000000,4308.33,
20171005031533,,2.4773598661028347
20171008000000,4439.46,
20171008091738,,2.534605162114878
20171011123205,,2.710904857504128
20171012000000,4822.17,
20171014202634,,3.108975332086605
20171016000000,5691.69,
20171017160448,,3.0310777161745786
20171020000000,5697.16,
20171020134044,,2.975298308793035
20171023125636,,3.032234266781586
20171024000000,5900.59,
20171026075107,,2.8126785352462313
20171028000000,5769.89,
20171030062341,,2.933612190951872
20171101000000,6416.07,
20171102135131,,3.2359199126208695
20171105000000,7365.99,
20171106062006,,3.3883421567315337
20171109000000,7468.44,
20171109162940,,3.219891106776587
20171113000000,5890.08,
20171114040627,,2.710616749525332
20171117000000,7868.77,
20171117120326,,3.163841561681809
20171120163600,,3.1522792274249176
20171121000000,8242.81,
20171123175430,,3.100095567995356
20171125000000,8212.78,
20171126235512,,3.310196462706581
20171129000000,9919.0,
20171129225745,,3.6054884615478486
20171202194453,,3.587320479325363
20171203000000,10912.87,
20171205144041,,3.6756957453993118
20171207000000,13843.93,
20171208141036,,4.585878265921779
20171211000000,15068.95,
20171211124544,,4.23670354286317
20171214095505,,3.9936952902934038
20171215000000,16408.15,
20171217060112,,4.378987064514114
20171219000000,18911.79,
20171220050033,,3.9087853380038977
20171223000000,13776.61,
20171223164950,,3.0646117739934704
20171227000000,15677.99,
20171227040530,,3.285346120601081
20171230092626,,2.900027467550521
20171231000000,12612.54,
20180102102928,,2.7017950669546544
20180104000000,15039.24,
20180105120832,,2.9687940073255668
20180108000000,16192.91,
20180108140406,,3.0057482887412554
20180111110407,,2.6328486523020356
20180112000000,13285.55,
20180114091213,,2.6431753525170865
20180116000000,13554.14,
20180117110704,,2.0795286661385552
20180120000000,11506.51,
20180120101219,,2.2188850363846195
20180123051527,,2.0228458915807392
20180124000000,10831.49,
20180126051557,,2.1129580098597924
20180128000000,11431.37,
20180129093903,,2.1499447710701585
20180201000000,10204.0,
20180201175418,,1.8327449964378042
20180204175819,,1.7033284887925233
20180205000000,8202.06,
20180207163348,,1.4751647436274762
20180209000000,8245.08,
20180211044113,,1.6421673366201546
20180213000000,8895.72,
20180214044329,,1.662144241016055
20180217000000,10178.56,
20180217102627,,1.9744669798688328
20180220172638,,2.1662577219047114
20180221000000,11245.98,
20180223202127,,1.8710390037103188
20180225000000,9699.76,
20180227020044,,1.8688607079625061
20180301000000,10332.14,
20180302041227,,2.021447816965445
20180305000000,11516.83,
20180305051907,,2.099952091920349
20180308101009,,1.8540302387882905
20180309000000,9324.5,
20180311193333,,1.6650192334431848
20180313000000,9130.0,
20180314222118,,1.6523585784386983
20180317000000,8297.89,
20180318065618,,1.497882337869266
20180321000000,8909.95,
20180321143813,,1.6899190666539177
20180325000000,8533.76,
20180325011137,,1.6694908794622776
20180328104543,,1.5005513149546883
20180329000000,7950.61,
20180331210925,,1.329982415334224
20180402000000,6827.54,
20180403233543,,1.4098796659948394
20180406000000,6786.66,
20180407054753,,1.2805095160870634
20180410000000,6784.41,
20180410074219,,1.3064537776764156
20180413101522,,1.508836792743155
20180414000000,7895.25,
20180416162010,,1.5790135138171835
20180418000000,7907.19,
20180419172526,,1.579741287017113
20180422000000,8930.6,
20180422221125,,1.707391313342186
20180426000000,8870.14,
20180426064849,,1.722057757357548
20180429201321,,1.7835734797429639
20180430000000,9398.4,
20180503023435,,1.7363676838527289
20180504000000,9753.35,
20180506093217,,1.8601942728590126
20180508000000,9369.16,
20180509194007,,1.732097594781286
20180512000000,8396.83,
20180513031245,,1.5926862319626927
20180516000000,8471.06,
20180516111635,,1.571090937194776
20180519204917,,1.547655103325848
20180520000000,8242.07,
20180523015315,,1.5406561676481394
20180524000000,7511.91,
20180526025020,,1.3991187263149587
20180528000000,7344.56,
20180529051736,,1.3563606411133484
20180601000000,7489.66,
20180601062608,,1.419168886598346
20180604082143,,1.4516148940167426
20180605000000,7495.47,
20180607075952,,1.4437404168242567
20180609000000,7615.54,
20180610201146,,1.3849212221663305
20180613000000,6553.0,
20180614064149,,1.2204745063445739
20180617000000,6488.68,
20180617090519,,1.2426052258130686
20180620134614,,1.2770684696556442
20180621000000,6760.83,
20180623165259,,1.1752905856785356
20180625000000,6157.04,
20180626183721,,1.1979186314486865
20180629000000,5878.14,
20180630055620,,1.1682977350035193
20180703000000,6626.44,
20180703190633,,1.2901074259881982
20180707000000,6628.59,
20180707070021,,1.2850555474758774
20180710142536,,1.2980372629696901
20180711000000,6329.27,
20180714034447,,1.2250977079040135
20180715000000,6248.84,
20180717184342,,1.3227458879220357
20180719000000,7371.11,
20180720164427,,1.4619604554221268
20180723000000,7406.66,
20180723194202,,1.503085960255682
20180726194246,,1.6082737725878338
20180727000000,7939.81,
20180729202648,,1.6017382623366152
20180731000000,8171.49,
20180802051417,,1.4794328611502452
20180804000000,7414.77,
20180805054051,,1.3813753934371509
20180808000000,6718.23,
20180808140946,,1.3082923824740034
20180811131037,,1.2078693507113145
20180812000000,6227.85,
20180814205828,,1.1980697961320528
20180816000000,6270.67,
20180818003214,,1.277875683568993
20180820000000,6486.58,
20180821064312,,1.2604125052634416
20180824000000,6525.96,
20180824135423,,1.27922416297581
20180827162947,,1.3184413849173318
20180828000000,6901.26,
20180830210332,,1.364609734700109
20180901000000,7018.78,
20180903033059,,1.426260035666263
20180905000000,7359.19,
20180906171803,,1.2818125586343168
20180909000000,6184.06,
20180909225948,,1.2404982838129512
20180913000000,6326.04,
20180913061801,,1.2449897467028048
20180916193134,,1.2829077911498514
20180917000000,6497.37,
20180920061420,,1.2560377118485129
20180921000000,6496.02,
20180923131336,,1.3290935345744397
20180925000000,6583.45,
20180926182031,,1.2760272767941876
20180929000000,6628.66,
20180930023041,,1.2997382250269178
20181003000000,6521.31,
20181003054840,,1.2953678578769583
20181006223716,,1.3054146540059306
20181007000000,6573.62,
20181010125016,,1.3045972519271813
20181011000000,6581.07,
20181013231500,,1.239148961298882
20181015000000,6265.16,
20181017131337,,1.290170830431889
20181019000000,6509.61,
20181021030859,,1.2883664431880728
20181023000000,6493.89,
20181024130633,,1.2913877694735607
20181027000000,6472.17,
20181028035058,,1.294116572017834
20181031000000,6301.61,
20181031125533,,1.2672321469006205
20181103165727,,1.283345845466769
20181104000000,6361.3,
20181107072613,,1.3051006947941537
20181108000000,6536.83,
20181111045312,,1.287140156222751
20181112000000,6408.53,
20181114220217,,1.2458589381882155
20181116000000,5658.73,
20181118125314,,1.1285494623742054
20181120000000,4848.78,
20181122141448,,0.9316007302436354
20181124000000,4352.98,
20181126145410,,0.8091031847255853
20181128000000,3828.45,
20181130222755,,0.8750017336143558
20181202000000,4188.09,
20181204224553,,0.8191723461337161
20181206000000,3744.98,
20181208192845,,0.7234994554046504
20181210000000,3588.44,
20181212190115,,0.7258787608850262
20181214000000,3308.11,
20181216092751,,0.6894277558692264
20181218000000,3556.54,
20181219213353,,0.8151526568611632
20181222000000,3899.83,
20181223044026,,0.849402895452468
20181226000000,3821.52,
20181226055153,,0.8258017952111454
20181229051425,,0.8324240017545984
20181230000000,3770.36,
20190101101604,,0.8214744481938487
20190103000000,3931.31,
20190104163539,,0.8365518170931299
20190107000000,4071.77,
20190108001814,,0.8903832492008117
20190111000000,3646.25,
20190111011148,,0.8324787804580291
20190114134128,,0.7907713485790925
20190115000000,3682.48,
20190118063712,,0.8084022708588572
20190119000000,3625.73,
20190121161741,,0.7930415532686482
20190123000000,3587.35,
20190125015419,,0.8008767537171565
20190127000000,3576.3,
20190128132732,,0.7892622959357005
20190131000000,3470.0,
20190131220250,,0.7757414157561743
20190204000000,3456.02,
20190204072716,,0.7755230766475201
20190207103523,,0.7664980830502764
20190208000000,3394.76,
20190210143618,,0.8232339661379613
20190212000000,3629.47,
20190214015920,,0.8175932455404721
20190216000000,3608.2,
20190217133037,,0.8223006771504215
20190220000000,3926.53,
20190220203913,,0.895668922540636
20190224000000,4139.6,
20190224092736,,0.9281416774421838
20190227203713,,0.8731382215468126
20190228000000,3833.23,
20190303011933,,0.8747275930750387
20190304000000,3814.58,
20190306135728,,0.8825480910618615
20190308000000,3886.82,
20190310024857,,0.8971663551994614
20190312000000,3881.09,
20190313150823,,0.8895948844686902
20190316000000,3936.5,
20190316205851,,0.918780725728861
20190319225200,,0.9181790934325408
20190320000000,4029.11,
20190323041237,,0.9205995798420585
20190324000000,4011.92,
20190326115836,,0.9052362937677824
20190328000000,4048.51,
20190329231209,,0.9372070238313648
20190401000000,4114.16,
20190402100938,,0.998548394951803
20190405000000,4911.24,
20190405182717,,1.1423306167515015
20190409000000,5268.71,
20190409053731,,1.2033378672850814
20190412135253,,1.1568238847447303
20190413000000,5072.85,
20190416044617,,1.1702862537471317
20190417000000,5196.65,
20190419152049,,1.2051817336973263
20190421000000,5309.28,
20190423010624,,1.2161441304016056
20190425000000,5434.19,
20190426123315,,1.208157197363567
20190429000000,5301.29,
20190429180941,,1.179427201354026
20190502181636,,1.2275054748093932
20190503000000,5390.16,
20190506060304,,1.3047834355032417
20190507000000,5684.47,
20190509183013,,1.3682156511036672
20190511000000,6348.02,
20190513060147,,1.60372591464319
20190515000000,7992.69,
20190516102411,,1.8012388348278991
20190519000000,7265.05,
20190519161125,,1.700734950489049
20190522172633,,1.7395467827727382
20190523000000,7625.93,
20190525233554,,1.755733744871534
20190527000000,8744.42,
20190528235137,,1.8936331418567234
20190531000000,8272.46,
20190601045241,,1.7921265312323762
20190604000000,8134.92,
20190604211532,,1.677761215213416
20190607233910,,1.6878884839054076
20190608000000,7998.29,
20190611124509,,1.6861313581697388
20190612000000,7917.58,
20190614200832,,1.7533977903095184
20190616000000,8859.47,
20190618071135,,1.94393520581828
20190620000000,9281.7,
20190621101428,,1.9836493932903934
20190624000000,10814.48,
20190624124139,,2.219269801439893
20190627145844,,2.5128716323938134
20190628000000,11132.85,
20190630164331,,2.3244571409490087
20190702000000,10578.72,
20190703195157,,2.2165997021197286
20190706000000,10955.16,
20190706135207,,2.208600460713598
20190709150631,,2.4078448161076307
20190710000000,12586.78,
20190713040125,,2.2223912596773405
20190714000000,11389.1,
20190716130624,,2.0452724146472208
20190718000000,9674.28,
20190720040528,,1.9842312406607465
20190722000000,10587.41,
20190723094806,,1.9497856144940655
20190726000000,9875.17,
20190726163952,,1.8453159988909544
20190729152631,,1.7944571695308247
20190730000000,9501.33,
20190801192924,,1.8501655219138957
20190803000000,10529.55,
20190804200628,,1.987727848944512
20190807000000,11465.67,
20190808015405,,2.1323598272960527
20190811000000,11282.22,
20190811092022,,2.0496557840670704
20190814174802,,1.9094024505552216
20190815000000,10016.96,
20190818035847,,1.8460543050422458
20190819000000,10317.6,
20190821134200,,1.8866312953816027
20190823000000,10111.98,
20190824215040,,1.8195754039499117
20190827000000,10360.28,
20190828062702,,1.8099142404244155
20190831000000,9577.99,
20190831101402,,1.7122289989309472
20190903145502,,1.8543785071430248
20190904000000,10621.29,
20190906191819,,1.8945006241614253
20190908000000,10487.21,
20190909223648,,1.8160366771632428
20190912000000,10159.32,
20190912181943,,1.7850520930718545
20190916000000,10310.43,
20190916000902,,1.80824253315068
20190919010653,,1.7826676091302975
20190920000000,10275.88,
20190922065523,,1.744349607835878
20190924000000,9683.38,
20190925153606,,1.4862142512754912
20190928000000,8193.9,
20190928190759,,1.438720973278591
20191002000000,8322.92,
20191002092642,,1.4671425899401913
20191005155230,,1.4377472207636481
20191006000000,8147.69,
20191008211712,,1.4537493745561283
20191010000000,8587.92,
20191012033520,,1.4800162187271242
20191014000000,8283.76,
20191015154721,,1.4660508242059949
20191018000000,8076.78,
20191018225457,,1.4037630339772702
20191022000000,8222.52,
20191022053023,,1.4508175653024538
20191025121011,,1.323599765417636
20191026000000,8666.79,
20191029043302,,1.6568589510165719
20191030000000,9433.35,
20191101230224,,1.607876476764838
20191103000000,9301.18,
20191105145322,,1.6364514882437147
20191107000000,9343.34,
20191109064234,,1.565123499126776
20191111000000,9037.12,
20191112101358,,1.536289972624037
20191115000000,8632.32,
20191115170701,,1.5060959101746854
20191119000000,8175.99,
20191119031400,,1.4723995680366735
20191122162010,,1.312391359384644
20191123000000,7286.35,
20191126045409,,1.2286611276124348
20191127000000,7163.63,
20191129160250,,1.3401977090700739
20191201000000,7557.72,
20191203063152,,1.2984595851537144
20191205000000,7192.85,
20191206101303,,1.3143636259247458
20191209000000,7522.39,
20191209174123,,1.3377395172222428
20191213000000,7189.16,
20191213055720,,1.28197507727303
20191216161626,,1.2654979543494345
20191217000000,6879.54,
20191220021508,,1.2788602183542017
20191221000000,7190.17,
20191223000548,,1.2973671380873284
20191225000000,7250.69,
20191226143251,,1.291135615745756
20191229000000,7301.07,
20191229202755,,1.3170409610178144
20200101221820,,1.295696515796985
20200102000000,7175.68,
20200105003110,,1.3178588982815167
20200106000000,7351.57,
20200108035651,,1.4416561568219768
20200110000000,7817.92,
20200111095807,,1.4472785883547346
20200114000000,8105.24,
20200114172842,,1.5061680367434318
20200117220856,,1.5752521111518702
20200118000000,8900.34,
20200121062812,,1.539767167256877
20200122000000,8722.26,
20200124112844,,1.4825971539905525
20200126000000,8327.36,
20200127194432,,1.5380090895270244
20200130000000,9279.81,
20200131030252,,1.6641212973940425
20200203000000,9314.56,
20200203124355,,1.6598351673072278
20200206205145,,1.7044880727819582
20200207000000,9755.66,
20200210091650,,1.7602334143394185
20200211000000,9854.79,
20200213224404,,1.7830737025397472
20200215000000,10368.53,
20200217105935,,1.702366840667383
20200219000000,10180.65,
20200220215415,,1.6659246834544943
20200223000000,9669.63,
20200224055743,,1.7061960030698615
20200227000000,8785.52,
20200227171113,,1.5120084835485905
20200301203030,,1.4780305164357608
20200302000000,8534.17,
20200305001918,,1.5117112778612392
20200306000000,9067.39,
20200308034200,,1.5566416768164277
20200310000000,7931.94,
20200311133917,,1.3710369529784587
20200314000000,5609.03,
20200315103842,,0.9530734474107592
20200318000000,5357.61,
20200319145926,,0.9732256059284868
20200322000000,6189.85,
20200323223900,,1.0983536810608128
20200326000000,6698.46,
20200327144301,,1.2093764657060049
20200330000000,5885.41,
20200331012056,,1.138660463402871
20200403000000,6809.11,
20200403065830,,1.2285114986244126
20200406131649,,1.24796608086735
20200407000000,7343.2,
20200409182818,,1.3251283137613883
20200411000000,6873.24,
20200412204022,,1.2557585695466977
20200415000000,6871.95,
20200415195648,,1.2417099412457568
20200419000000,7259.36,
20200419022323,,1.3071650794148817
20200422080420,,1.2491002319640316
20200423000000,7130.99,
20200425231836,,1.3698672957077387
20200427000000,7699.27,
20200429085821,,1.4085611027370082
20200501000000,8628.77,
20200502213212,,1.588688124289622
20200505000000,8885.93,
20200505233938,,1.5960931197784802
20200509000000,9821.8,
20200509093900,,1.745511829896688
20200512131420,,1.5507769523120272
20200513000000,8814.53,
20200516135029,,1.6631906428837702
20200517000000,9385.7,
20200520210300,,1.7018743193217554
20200521000000,9510.67,
20200524230109,,1.6039918317657782
20200525000000,8730.73,
20200528202848,,1.6238723304736467
20200529000000,9569.21,
20200601090032,,1.6695588556680563
20200602000000,10204.23,
20200604203044,,1.6899294055736762
20200606000000,9623.75,
20200607133918,,1.6840131243231653
20200610000000,9775.15,
20200610152059,,1.698295335799982
20200613123945,,1.6369534614868173
20200614000000,9473.5,
20200616181651,,1.6462305765051122
20200618000000,9454.81,
20200620100439,,1.6141021260587616
20200622000000,9284.78,
20200623191502,,1.6682827773422662
20200626000000,9240.85,
20200627031714,,1.5812752766096412
20200630000000,9185.35,
20200630104559,,1.5769473852227922
20200703144638,,1.5658186000041
20200704000000,9072.42,
20200706165742,,1.5762435293315762
20200708000000,9256.23,
20200709200616,,1.6084258529719806
20200712000000,9235.96,
20200712231415,,1.5877092987041832
20200716000000,9193.51,
20200716094641,,1.578304921801223
20200720000000,9214.66,
20200720045418,,1.5706842541298094
20200723211404,,1.6309414301349372
20200724000000,9613.11,
20200727015733,,1.6894337572199045
20200728000000,11042.4,
20200730113324,,1.8806611339807486
20200801000000,11343.88,
20200802225830,,1.9137737240646011
20200805000000,11194.25,
20200806073557,,1.940662732399829
20200809000000,11767.6,
20200809151100,,1.9389403223146207
20200812221156,,1.8877014729127806
20200813000000,11573.11,
20200816002007,,1.9483431214432003
20200817000000,11914.01,
20200819164151,,1.9449429639346782
20200821000000,11865.82,
20200822234557,,1.8817502173700924
20200825000000,11763.93,
20200826083917,,1.850014097943581
20200829000000,11534.75,
20200829185711,,1.8637924870170832
20200902000000,11923.25,
20200902045028,,1.9304524019876836
20200905211007,,1.6678021294975574
20200906000000,10159.62,
20200908230028,,1.6360473430217892
20200910000000,10227.83,
20200912064201,,1.6675750387331434
20200914000000,10330.77,
20200915041548,,1.7135588400478665
20200918000000,10943.89,
20200918042709,,1.752809199615322
20200921091403,,1.7520958419642538
20200922000000,10430.46,
20200925004238,,1.6775493147700875
20200926000000,10692.84,
20200928060405,,1.722872621054646
20200930000000,10840.8,
20201001195311,,1.723722689168806
20201004000000,10551.77,
20201005033433,,1.7012375170850251
20201008000000,10670.8,
20201008120339,,1.6990340476875847
20201012000000,11376.61,
20201012005803,,1.8104797575899314
20201015043818,,1.809908348082816
20201016000000,11503.73,
20201018105112,,1.8032733196478994
20201020000000,11758.16,
20201022060900,,1.9851848335204318
20201024000000,12944.52,
20201025230234,,2.0275882986335345
20201028000000,13651.47,
20201030120503,,2.0544149876246967
20201101000000,13810.32,
20201103193221,,2.058192339422227
20201105000000,14155.59,
20201107020747,,2.3048949411476896
20201109000000,15490.6,
20201110054220,,2.2522071699638504
20201113000000,16295.57,
20201113132834,,2.3620257837775687
20201116195710,,2.3492973287208123
20201117000000,16725.15,
20201120013318,,2.525381154544292
20201121000000,18687.45,
20201122230044,,2.560641055315859
20201125000000,19172.52,
20201126075130,,2.5740653364661696
20201129000000,17732.42,
20201129125341,,2.4193648437308553
20201203000000,19226.97,
20201203040350,,2.5468929221379852
20201206164528,,2.528719693309092
20201207000000,19377.66,
20201210015239,,2.3973756124575107
20201211000000,18247.76,
20201213152439,,2.464815197779431
20201215000000,19276.59,
20201217020850,,2.5798550200483215
20201219000000,23150.79,
20201220082528,,2.895078507591351
20201223000000,23824.99,
20201223192650,,2.8198150192665397
20201227000000,26443.21,
20201227082510,,3.0415055547984577
20201230105206,,3.055996557724575
20201231000000,28856.59,
20210102154258,,3.1930053757173953
20210104000000,33000.78,
20210105173128,,3.2255395160384297
20210108000000,39486.04,
20210108164456,,3.796264287296398
20210111231015,,3.126396477104467
20210112000000,35544.94,
20210115062228,,3.464588781045731
20210116000000,36828.52,
20210118152757,,3.1655850453367034
20210120000000,36020.13,
20210122051153,,2.7664336423582263
20210124000000,32099.74,
20210125153627,,2.8333069487937435
20210128000000,30419.17,
20210128214525,,2.7078997751385203
20210201000000,33136.46,
20210201100446,,2.797112261853552
20210204190904,,3.1201602369419983
20210205000000,37002.09,
20210207192953,,3.167921039688258
20210209000000,46364.3,
20210211041204,,3.5549744241438948
20210213000000,47471.4,
20210214123124,,3.6130386173842397
20210217000000,49160.1,
20210218024410,,3.7809170140779496
20210221000000,56001.2,
20210221130726,,3.9646937367980275
20210225000000,50624.84,
20210225013106,,3.3828187376917676
20210228102528,,3.087956278063583
20210301000000,45113.92,
20210303212154,,3.309851225761379
20210305000000,48448.91,
20210307094214,,3.1681226811117713
20210309000000,52299.33,
20210310152352,,3.4990645668321845
20210313000000,57253.28,
20210314031525,,3.704829619240321
20210317000000,56872.38,
20210317090907,,3.4228806035794044
20210320180417,,3.5498447205485935
20210321000000,58085.8,
20210323221107,,3.268904502122008
20210325000000,52508.23,
20210327054741,,3.1760925537698075
20210329000000,55783.71,
20210330102647,,3.3641936406028394
20210402000000,58736.92,
20210402170228,,3.3964920934436926
20210406000000,59054.1,
20210406031153,,3.315933467813411
20210409150308,,3.218400254866535
20210410000000,58102.58,
20210412204541,,3.2991173556047833
20210414000000,63554.44,
20210416054801,,3.3711881955640766
20210418000000,60087.09,
20210420195529,,2.908320600989605
20210422000000,53808.8,
20210424164234,,2.616398965000497
20210426000000,49075.58,
20210428062552,,2.8435836751051227
20210430000000,53584.15,
20210501223004,,2.9578441370441495
20210504000000,57213.33,
20210504161708,,2.851526047286589
20210507150432,,2.839052832554968
20210508000000,57380.27,
20210510074056,,2.910766803639555
20210512000000,56750.0,
20210513051252,,2.675687827102515
20210516000000,46736.58,
20210516210148,,2.3851640386017783
20210520000000,36964.27,
20210521024100,,1.9993814844243862
20210524000000,34754.54,
20210525060629,,1.8998253816982928
20210528000000,38445.29,
20210529095025,,1.8387817867234737
20210601000000,37310.54,
20210601233134,,1.8557836590057055
20210605000000,36885.51,
20210605082036,,1.8762209256227318
20210608191703,,1.668137842427886
20210609000000,33450.19,
20210612221959,,1.825246016147951
20210613000000,35494.9,
20210616191821,,2.0200126771557056
20210617000000,38324.87,
20210620231544,,1.786253091432055
20210621000000,35592.35,
20210625000000,34639.38,
20210625192231,,1.7337675856575059
20210629000000,34456.67,
20210701144843,,1.7811664295970997
20210703000000,33856.86,
20210705220615,,1.7773046328297377
20210707000000,34211.01,
20210709141325,,1.6991752008213112
20210711000000,33515.57,
20210713052525,,1.7342812322820336
20210715000000,32814.61,
20210716133717,,1.6414116391978701
20210719000000,31783.49,
20210719204309,,1.6155026818512268
20210723000000,32297.89,
20210723095803,,1.6704659960288182
20210726134817,,1.9069569505052706
20210727000000,37318.14,
20210729171245,,2.0352493220221692
20210731000000,42214.15,
20210801181843,,2.0978246487306236
20210804000000,38138.0,
20210805011312,,1.952754655752802
20210808000000,44634.13,
20210808011424,,2.188380568095696
20210811044551,,2.268992628187876
20210812000000,45611.46,
20210814121935,,2.3422152453681613
20210816000000,47056.41,
20210817083724,,2.2845148316999615
20210820000000,46734.65,
20210820125851,,2.310092628225007
20210823125930,,2.43590919762957
20210824000000,49523.5,
20210826133842,,2.3438455659901694
20210828000000,49056.86,
20210829203705,,2.36166868233173
20210901000000,47155.87,
20210902092623,,2.3518209313244363
20210905000000,49947.38,
20210905125128,,2.4047265609122124
20210908181201,,2.2279194640437443
20210909000000,46078.38,
20210912050442,,2.17269373297232
20210913000000,46059.12,
20210915093213,,2.2349784695989503
20210917000000,47785.26,
20210918200252,,2.289916999907105
20210921000000,42901.56,
20210922014943,,2.0217988197599794
20210925000000,42815.56,
20210925065859,,2.0214639907870806
20210928163933,,2.0006745780146398
20210929000000,41011.16,
20211002013948,,2.1909431167717996
20211003000000,47727.1,
20211005012720,,2.276901047579525
20211007000000,55343.76,
20211008143528,,2.519244966812451
20211011000000,54625.74,
20211011214118,,2.6043377641199013
20211015000000,57397.74,
20211015065253,,2.642018871870714
20211018152035,,2.782304195793484
20211019000000,61971.59,
20211021222254,,2.86045313966237
20211023000000,60697.06,
20211025035400,,2.680825097018759
20211027000000,60345.17,
20211028040113,,2.5805453859041374
20211031000000,61731.29,
20211031064937,,2.686765659896207
20211103135734,,2.7192769760803355
20211104000000,62954.86,
20211106193444,,2.602260388261741
20211108000000,63293.22,
20211110031438,,2.8515997627701326
20211112000000,64838.81,
20211113105254,,2.644252683480698
20211116000000,63584.25,
20211116154221,,2.554470157672201
20211120000000,58133.02,
20211120022723,,2.356324909142692
20211123143752,,2.3359890792482525
20211124000000,57578.22,
20211127043325,,2.2390385517485156
20211128000000,54801.15,
20211130153359,,2.3517758814330336
20211202000000,57229.76,
20211203221140,,2.2769154472616138
20211206000000,49380.43,
20211206220102,,1.992366261088205
20211209233957,,1.9985883057329477
20211210000000,47659.68,
20211213054318,,2.026510713842237
20211214000000,46757.09,
20211216213158,,1.9946514118554597
20211218000000,46173.51,
20211220091247,,1.915505919951733
20211222000000,48934.57,
20211223144205,,1.9950182241297614
20211226000000,50470.89,
20211227004511,,2.0629671763183186
20211230000000,46408.87,
20211230130518,,1.9219537369937885
20220102170216,,1.944316590239214
20220103000000,47327.87,
20220106040549,,1.865207650547504
20220107000000,43120.63,
20220109131909,,1.7097380193524798
20220111000000,41849.0,
20220112220022,,1.7545322359295292
20220115000000,43099.37,
20220115213416,,1.7729764734740903
20220118225857,,1.731804741395564
20220119000000,42381.48,
20220122035200,,1.5894602340280775
20220123000000,35071.43,
20220125134716,,1.5005269885364945
20220127000000,36823.5,
20220129010806,,1.5486344307690014
20220131000000,37918.62,
20220201103444,,1.5981139325436706
20220204000000,37092.4,
20220204185406,,1.565837171259254
20220208000000,43834.02,
20220208073227,,1.8192386474741022
20220211174843,,1.8093538988693254
20220212000000,42401.27,
20220214150551,,1.7465332974562149
20220216000000,44536.2,
20220217161909,,1.8000849293516095
20220220000000,40115.05,
20220221055615,,1.5999640071771433
20220224000000,37291.48,
20220224163442,,1.514719133060932
20220228000000,37704.56,
20220228102927,,1.5939364547419357
20220303155158,,1.806993213467072
20220304000000,42464.4,
20220307095508,,1.5960387074689337
20220308000000,38032.5,
20220310190101,,1.6675413496446054
20220312000000,38741.04,
20220314015731,,1.6043221945850203
20220316000000,39320.82,
20220317104447,,1.6881130048254918
20220320000000,42222.32,
20220320155133,,1.7332072933631766
20220323222252,,1.7462964998572736
20220324000000,42905.06,
20220327034354,,1.8237393413961196
20220328000000,46858.53,
20220330122115,,1.9338201116544678
20220401000000,45539.22,
20220403015400,,1.8891546143484002
20220405000000,46611.26,
20220406102833,,1.8591854429254044
20220409000000,42278.94,
20220409213740,,1.7288961329649957
20220413000000,40102.2,
20220413080450,,1.6317788367189525
20220416183408,,1.6454719646308915
20220417000000,40388.78,
20220420054205,,1.6771748533248567
20220421000000,41375.79,
20220423080115,,1.6165093193433935
20220425000000,39465.57,
20220426100828,,1.6303015080143346
20220429000000,39770.04,
20220429165412,,1.6093542670865175
20220502205629,,1.57958336440129
20220503000000,38510.65,
20220506022025,,1.5545453351672514
20220507000000,36013.03,
20220509115434,,1.4003027582488412
20220511000000,31003.93,
20220512173811,,1.1897706387018627
20220515000000,30074.61,
20220516070102,,1.267389887413681
20220519000000,28680.97,
20220519200702,,1.2294633665702415
20220523000000,30278.94,
20220523132101,,1.2669813991328263
20220527000000,29193.92,
20220527015008,,1.2383292086227906
20220530100545,,1.2527447231505096
20220531000000,31715.58,
20220602234242,,1.2676937482703423
20220604000000,29681.76,
20220606103919,,1.2884046113522314
20220608000000,31117.83,
20220609112614,,1.2899956503357677
20220612000000,28344.5,
20220612205303,,1.190026390858851
20220616000000,22550.79,
20220616064633,,0.9382959012142821
20220620000000,20540.38,
20220620005103,,0.8530482701933653
20220623143659,,0.9027719260497755
20220624000000,21088.3,
20220627015915,,0.9500040559975595
20220628000000,20702.23,
20220630102222,,0.8908610266886089
20220702000000,19226.7,
20220703185613,,0.8592892556701353
20220706000000,20181.91,
20220707091040,,0.9158658033185039
20220710000000,21582.6,
20220710173545,,0.9618703814345164
20220714000000,20223.69,
20220714141511,,0.9013263286009761
20220718000000,20774.23,
20220718043604,,0.9642965705936642
20220721220844,,1.0479343353689583
20220722000000,23154.09,
20220725061141,,1.0318243047581248
20220726000000,21300.72,
20220728102823,,1.0254366270757924
20220730000000,23792.0,
20220731220112,,1.0886661631801635
20220803000000,22981.77,
20220804070910,,1.065527341403882
20220807000000,22947.19,
20220807123239,,1.0572633123194632
20220810205016,,1.071706974835357
20220811000000,23959.92,
20220814103851,,1.1270267671290721
20220815000000,24314.89,
20220817210620,,1.0953413308633104
20220819000000,23193.99,
20220821003750,,0.9767309792060631
20220823000000,21402.93,
20220824045630,,0.9887379525036657
20220827000000,20233.32,
20220827084501,,0.9580078228387309
20220830115751,,0.9381228373828027
20220831000000,19793.02,
20220902234026,,0.9319396399048259
20220904000000,19834.94,
20220906034227,,0.9181191662891364
20220908000000,19280.08,
20220909153056,,0.9349662046860364
20220912000000,21794.52,
20220912171401,,1.0194782610666364
20220916000000,19694.69,
20220916051442,,0.930209181951472
20220919130720,,0.8987432071546564
20220920000000,19542.2,
20220923022837,,0.8918522490364365
20220924000000,19280.58,
20220926133238,,0.8881921256198364
20220928000000,19104.89,
20220930003432,,0.912080810160111
20221002000000,19314.69,
20221002222054,,0.9052498321126627
20221005211640,,0.9478669457089637
20221006000000,20167.79,
20221008205036,,0.9193662044544433
20221010000000,19441.88,
20221011223621,,0.8996833054749445
20221014000000,19383.33,
20221015082456,,0.9150881429019978
20221018000000,19548.97,
20221018163015,,0.9248296355647339
20221021221651,,0.902996792119524
20221022000000,19171.34,
20221025095944,,0.9169409624472645
20221026000000,20101.27,
20221028203743,,0.964490818361901
20221030000000,20816.16,
20221101052618,,0.9711014492911825
20221103000000,20153.99,
20221104152154,,0.968034808966855
20221107000000,20920.33,
20221108014246,,0.9855533852593065
20221111000000,17550.23,
20221111093417,,0.8258369504935166
20221114191329,,0.7922384148628561
20221115000000,16587.96,
20221118065335,,0.8098180422773388
20221119000000,16683.22,
20221121184210,,0.7993123244248364
20221123000000,16194.75,
20221125111055,,0.8164856280824276
20221127000000,16453.47,
20221129091553,,0.8049181444787911
20221201000000,17170.62,
20221202214529,,0.8411404878881269
20221205000000,17117.57,
20221206105155,,0.8479036218784114
20221209000000,17234.58,
20221209132048,,0.8581313812045913
20221212211020,,0.8498143671902266
20221213000000,17206.87,
20221216023751,,0.8770098281634315
20221217000000,16637.6,
20221219173114,,0.8393679675921757
20221221000000,16904.64,
20221223052227,,0.8426505077641617
20221225000000,16838.1,
20221227094953,,0.8486539152251249
20221229000000,16539.28,
20221230175504,,0.8361455016097675
20230102000000,16613.71,
20230102191453,,0.8452494459933416
20230106000000,16826.41,
20230106032745,,0.8534126090955974
20230109035552,,0.8620481106453319
20230110000000,17192.07,
20230112075022,,0.8989606547160978
20230114000000,19933.36,
20230115103653,,1.055277109600101
20230118000000,21145.18,
20230118143159,,1.0769408305527073
20230122000000,22772.5,
20230122043957,,1.1597764769129142
20230125110428,,1.1503137690334728
20230126000000,23089.74,
20230128115347,,1.1662575174131287
20230130000000,23755.85,
20230131234019,,1.1597165315581204
20230203000000,23454.41,
20230204132103,,1.1803425598417072
20230207000000,22763.74,
20230207220732,,1.1580258599431923
20230211000000,21638.55,
20230211063214,,1.0948149477057496
20230214092205,,1.0924849680358608
20230215000000,22211.8,
20230217084934,,1.2226555307146385
20230219000000,24641.94,
20230220084037,,1.2356542601302691
20230223000000,24185.67,
20230223132346,,1.2154223104782884
20230227000000,23563.11,
20230227003831,,1.1730000181574713
20230302083640,,1.1888940112933561
20230303000000,23467.36,
20230305114745,,1.1271446898381887
20230307000000,22410.62,
20230308212712,,1.1178281381821984
20230311000000,20224.85,
20230312070641,,1.0303021540885875
20230315000000,24767.46,
20230315130750,,1.2692516151439046
20230318193848,,1.3789999740043464
20230319000000,26975.39,
20230322030536,,1.4068161740254552
20230323000000,27306.32,
20230325021555,,1.39392873209676
20230327000000,27999.84,
20230328123207,,1.3556522742127906
20230331000000,28033.06,
20230331215750,,1.4258162136767771
20230404000000,27802.23,
20230404080043,,1.4171989456233796
20230407161314,,1.4132181355842084
20230408000000,27925.55,
20230411031434,,1.4550364355448315
20230412000000,30234.98,
20230414112742,,1.5359378862136268
20230416000000,30319.32,
20230417201035,,1.496934570892981
20230420000000,28829.57,
20230421055358,,1.4340381961375297
20230424000000,27590.55,
20230424153915,,1.383736372029717
20230428000000,29480.35,
20230428071251,,1.4698375121599774
20230501155427,,1.4438406164933364
20230502000000,28086.65,
20230505020706,,1.4508218065414566
20230506000000,29535.38,
20230508160308,,1.4108204533400133
20230510000000,27640.09,
20230511211515,,1.3614024026232259
20230514000000,26785.94,
20230515021215,,1.3390556636179787
20230518000000,27398.27,
20230518062059,,1.3467807392107556
20230521182435,,1.3434832230395681
20230522000000,26756.57,
20230525023355,,1.3153506334344827
20230526000000,26477.29,
20230528090407,,1.3334007166715862
20230530000000,27744.66,
20230531121233,,1.3638898346097283
20230603000000,27251.93,
20230604021117,,1.344622089933998
20230607000000,27243.64,
20230607095205,,1.3133770579605184
20230610162303,,1.29187218188234
20230611000000,25852.82,
20230613190440,,1.2888259567158487
20230615000000,25127.04,
20230617054020,,1.2872773169350378
20230619000000,26337.08,
20230620171859,,1.3290906576253407
20230623000000,29903.73,
20230624105112,,1.5145154836539205
20230627000000,30266.7,
20230627190845,,1.501859174612187
20230701000000,30471.5,
20230701102030,,1.4982454425438556
20230704180709,,1.524179990223774
20230705000000,30774.87,
20230707224118,,1.4839990765803674
20230709000000,30214.55,
20230710214721,,1.4845855145651723
20230713000000,30391.64,
20230714131853,,1.528849774187383
20230717000000,30240.28,
20230718002826,,1.479156252975095
20230721000000,29802.29,
20230721131127,,1.4648600382470802
20230725000000,29178.42,
20230725013124,,1.4372065402719314
20230728121725,,1.4352795559318896
20230729000000,29316.12,
20230731224101,,1.4433228649401153
20230802000000,29683.61,
20230804070910,,1.4354128526574452
20230806000000,29048.01,
20230807153809,,1.429517555583993
20230810000000,29565.82,
20230811033040,,1.4487782690905562
20230814000000,29283.84,
20230814093635,,1.441885438861318
20230817091650,,1.4181288387673434
20230818000000,26662.05,
20230820155144,,1.2837262531723275
20230822000000,26123.41,
20230823232536,,1.285780122854195
20230826000000,26049.42,
20230827161023,,1.2837578344865053
20230830000000,27731.23,
20230831082935,,1.3451439817160937
20230903000000,25869.09,
20230903151217,,1.2760525317570057
20230907000000,25753.31,
20230907035339,,1.2697953917135083
20230910132242,,1.276481582445578
20230911000000,25832.82,
20230913214538,,1.2869742835168887
20230915000000,26536.02,
20230916191916,,1.312430738054248
20230919000000,26763.76,
20230920032931,,1.33611726504845
20230923000000,26581.86,
20230923145954,,1.3113136739432583
20230927000000,26212.82,
20230927013628,,1.2951585518550062
20230930083431,,1.3284696674020133
20231001000000,26970.43,
20231003151600,,1.3605373178221905
20231005000000,27797.56,
20231007004516,,1.3655569879589673
20231009000000,27937.18,
20231010021719,,1.3581980478466265
20231013000000,26758.66,
20231013041009,,1.3178557177875634
20231016124922,,1.340960435774463
20231017000000,28517.32,
20231019191949,,1.3959006885148455
20231021000000,29682.6,
20231023062005,,1.4734972730641072
20231025000000,33902.65,
20231026135857,,1.6855380285527233
20231029000000,34090.68,
20231029224430,,1.6662368982367683
20231102000000,35440.51,
20231102042451,,1.6845098032858996
20231105095135,,1.6913254906482693
20231106000000,35048.35,
20231108212902,,1.7054343103946812
20231110000000,36696.25,
20231112053101,,1.7776591685156475
20231114000000,36497.35,
20231115163921,,1.711326372982932
20231118000000,36624.3,
20231119003535,,1.7449812246561422
20231122000000,35808.95,
20231122005409,,1.76530560962028
20231125072834,,1.7976185376907625
20231126000000,37800.94,
20231128155858,,1.7640429718463617
20231130000000,37867.37,
20231202014814,,1.8252925672130476
20231204000000,39976.04,
20231205073217,,1.9696025597919717
20231208000000,43298.7,
20231209024255,,2.0456251202195412
20231212000000,41238.31,
20231212103509,,1.9395080162340723
20231215175214,,1.9823962825017174
20231216000000,41934.71,
20231218212131,,1.9115850947987465
20231220000000,42262.62,
20231222021450,,2.0195308448799554
20231224000000,43742.33,
20231225023113,,2.0040432580549714
20231228000000,43470.76,
20231228200653,,1.9686966126355945
20240101000000,42249.69,
20240101020053,,1.9368250890493341
20240104100818,,1.9421371867513697
20240105000000,44190.1,
20240107212028,,1.9805280304350155
20240109000000,46972.42,
20240111091308,,2.0602796111508397
20240113000000,42843.98,
20240114131213,,1.9132513472467214
20240117000000,43132.4,
20240118124057,,1.8915483281594747
20240121000000,41659.4,
20240122011353,,1.8485304504435334
20240125000000,40068.49,
20240125031447,,1.7684083322225161
20240128030744,,1.844839333886424
20240129000000,42030.81,
20240131115849,,1.896948765110406
20240202000000,43061.16,
20240203121811,,1.8869341674176703
20240206000000,42653.29,
20240206153203,,1.8704253594411169
20240209191416,,2.0281425473362744
20240210000000,47134.54,
20240212235531,,2.115460261205657
20240214000000,49739.24,
20240216111835,,2.232172966592257
20240218000000,51685.35,
20240220030359,,2.2215288461665135
20240222000000,51862.86,
20240223142329,,2.17892133088434
20240226000000,51727.76,
20240226234907,,2.2105508519671697
20240301000000,61172.49,
20240301123526,,2.5367089951498913
20240305000000,68377.67,
20240305003626,,2.660093981767182
20240308025049,,2.6360827547028056
20240309000000,68306.9,
20240311053241,,2.686218528828929
20240313000000,71489.22,
20240314110730,,2.7575730602895616
20240317000000,65303.67,
20240318001144,,2.5048890324355577
20240321000000,67857.18,
20240321084628,,2.434283376929594
20240324172010,,2.37554092847188
20240325000000,67226.33,
20240328072250,,2.507866798725359
20240329000000,70754.69,
20240331165035,,2.51764243247093
20240402000000,69701.3,
20240404012648,,2.35044553618159
